1,友達の母さんと2人っきり もしかしてだけど…胸の谷間やエロ尻をわざと見せつけて僕を誘ってるんじゃないの！？「お前の母ちゃん、超エロいじゃん！！」誘惑デカ尻ママ,https://javdb.com/v/W1nD5g
2,中出しイチャラブ温泉旅行 真木今日子,https://javdb.com/v/AzdqXO
3,人妻キョウコ（32）砂浜でおっぱいぶるんぶるんさせてたIcup爆乳美魔女ママを海ナンパ！性欲むんむん妻をコテージ連れ込み生ハメ中出ししまくりハメ撮り個人撮影,https://javdb.com/v/2aP2wW
4,綺麗な近所の奥さんが 真木今日子,https://javdb.com/v/8Vbz6a
5,引きこもりの冒険 オンラインゲームばかりしている僕を心配した元ヤリマンギャルの義理の母とSEXしたら相性が抜群で…！自信がついて湧き上がるエネルギーで精子の尽きない毎日二桁射精ライフ！！,https://javdb.com/v/GMy24Q
6,「あなた、ごめんなさい…。」妊娠危険日にムリヤリ義父に種付け中出しされています… 真木今日子,https://javdb.com/v/1BOBBn
7,性処理妻 真木今日子,https://javdb.com/v/k4NKPJ
8,結婚間近の婚約者がいるにも関わらず巨乳女上司から休日呼出し、上から目線のパワハラ誘惑されて見下されながら一晩中何度も中出し強要させられた。 真木今日子,https://javdb.com/v/bABvDv
9,弟の嫁を妄想で… 真木今日子 （ブルーレイディスク） （BOD）,https://javdb.com/v/VwnJGQ
10,25%OFF!【個人撮影】Icup巨乳人妻キョウコさん 32歳。淫乱奥さま　若い男と朝までハメ撮り中出しＳＥＸ　映像 流出【絶倫】,https://javdb.com/v/meqB4y
11,35%OFF!【人妻乱交】爆乳Ⅰcupセクシー美魔女キョウコさんママ友誘って若い男のチンポからザーメンじゅる吸いしまくり精飲で若返る生ハメ中出し乱交５P健康法【個人撮影】,https://javdb.com/v/akNnPp
12,夫の部下に犯●れ続けた3日間 真木今日子 パンティと生写真付き,https://javdb.com/v/yrkKNb
13,夫に内緒で義父に頼んだ妊活 真木今日子,https://javdb.com/v/Vw9nKW
14,出張中手違いの相部屋で女上司と迎えた朝…。無防備なノーブラワイシャツ姿の彼女は美しかった…。,https://javdb.com/v/rmzdJR
15,今日子ママ,https://javdb.com/v/XWV88M
16,姑の卑猥過ぎる巨乳を狙う娘婿 真木今日子,https://javdb.com/v/meQDdD
17,痴女る女と犯ラレル男とそれを傍観する俺ら 真木今日子,https://javdb.com/v/xvgPkQ
18,濃厚 生ビアガール きょうこ,https://javdb.com/v/AzRVn0
19,年下男の若き精子を一滴残さず搾り取る淫乱中出しデート 圧倒的女性上位SEX 淫尻顔騎、アナコンダフェラ、杭打ち騎乗位…圧倒的痴女テクで男を快楽漬け！！ 真木今日子,https://javdb.com/v/rmBbKN
20,舐めるのが大好きなご奉仕系爆乳セレブ妻 きょうこさん40歳 パンティとチェキ付き,https://javdb.com/v/66XxQ
21,「お母さんを許して」娘の旦那のデカチンに我を忘れてイキまくる母…第三章 真木今日子 パンティとチェキ付き,https://javdb.com/v/MV6v7
22,ラグジュTV 1554　全身からエロチックなオーラが溢れる美熟女が貪欲に責め乱れる！洗練されたテクニックに男を骨抜き！ねっとりとしたフェラや魅惑の腰つきで騎乗位で乱れイク姿は必見！！,https://javdb.com/v/Y6ZXz
23,本番あり！中目黒人妻 裏メンズエステ 今日子,https://javdb.com/v/03k7E
24,汗だく性欲まみれ痴女！脱獄犯に強●中出しで犯●れちゃったボク…9 真木今日子,https://javdb.com/v/wwbeY
25,彼女に内緒で彼女の母ともヤってます… 真木今日子,https://javdb.com/v/70Xe1
26,同窓会で初恋の女が人妻に…独身男を胸チラとパンチラで誘い元クラスメイトが横にいるのに勃起チ○ポを握り、ドキドキ店内Hに濡れびちゃる人妻15人240分スペシャル,https://javdb.com/v/WYvMR
27,まるっと！真木今日子（2）,https://javdb.com/v/KV55b
28,謝罪性交ROOM 無秩序な●辱で絶対服従、無限地獄アクメ 巨乳エリート上司 真木今日子,https://javdb.com/v/62WZ0
29,やっぱり過激なAV男優面接 1沖田ようクン～AV男優の面接は本当にエロくてヤバかった！！まさかの巨乳面接官で見てるだけでフル勃起！気持ちよすぎるテストプレイにカメラを忘れて大悶絶～,https://javdb.com/v/86X3d
30,女医in...（脅迫スイートルーム） 真木今日子,https://javdb.com/v/Eax0d
31,常に乳首をイジイジレロレロしてくれるデリヘル嬢 きょうこさん（29） 真木今日子,https://javdb.com/v/OJZqv
32,義弟の猥褻モデルになってしまった私 真木今日子,https://javdb.com/v/v160W
33,真木今日子の自宅でたくさん犯してあげる。 真木今日子,https://javdb.com/v/2vdRy
34,プライベートおっパブ お店が突然の休業 お金に困った嬢から2人で会いたいと連絡が… 店に内緒でおっぱい揉んで中出しセックス 真木今日子,https://javdb.com/v/3gZnw
35,憧れの女上司と 真木今日子,https://javdb.com/v/1mbRZ
36,お母さんの玩具になった僕 悩殺！魅惑の爆乳美義母！ 真木今日子,https://javdb.com/v/8RX3V
37,黒人解禁 黒い巨砲 真木今日子,https://javdb.com/v/5rwVp
38,出産後セックスレスに悩む主婦達に センズリ見せつけたら我慢出来ずに超絶的に発情するに違いない！！,https://javdb.com/v/zQOPb
39,淫乱Body爆乳熟女 真木今日子,https://javdb.com/v/6wzJK
40,How to SEX 完全攻略＃02 熟女をお泊りデートで魅了する20の方法,https://javdb.com/v/K0MG0
